scope,cohort,count,median_column_distance,avg_column_distance,p25_column_distance,p75_column_distance,p90_column_distance,pct_column_distance_1,pct_column_distance_lte_2,pct_column_distance_lte_3,median_time_distance_ms,avg_time_distance_ms,p90_time_distance_ms
all,ALL,7820,1,6.7537084399,1,3,11,0.5425831202,0.5425831202,0.7514066496,5580000,25016416.8797953948,38820000
all,SYM_0_90_1_10,854,1,4.5573770492,1,3,7,0.5327868852,0.5327868852,0.7763466042,5850000,16465573.7704918031,34764000.0000000298
all,EXT_1_20_1_35,548,1,5.7664233577,1,3,9,0.5656934307,0.5656934307,0.7773722628,5250000,19561094.8905109502,38592000.0000000075
all,EXT_1_55_1_70,328,1,8.8109756098,1,3,11,0.5426829268,0.5426829268,0.7591463415,4860000,39015000,40242000.0000000596
all,OTHER,6090,1,7.0397372742,1,5,11,0.5418719212,0.5418719212,0.7451559934,5640000,25952443.3497536927,38946000.0000000224
